,"CHALLENGES WON, %",AIR CHALLENGES LOST,AIR CHALLENGES WON,FOULS,YELLOW CARDS,"AIR CHALLENGES, %",ASSISTS,EXPECTED ASSISTS (XA),PASSES INTO FINAL THIRD,CROSSES,"SUCCESSFUL DRIBBLES, %",TACKLES,PASS INTERCEPTIONS,ERRORS LEADING TO GOAL,BLOCKED SHOTS,CLEARANCES,"TACKLES WON, %",PASSES,"PASS COMPLETION, %",PASSING SPEED,GOALS,BIG CHANCES,"CONVERSION OF BIG CHANCES, %",SHOTS ON TARGET,"SHOTS ON TARGET CONVERSION RATE, %",EXPECTED GOALS (XG),GOALS WITH HEAD,XG CONVERSION
0,46.0,0.32,0.49,0.16,0.32,60.0,0.16,0.22,17.55,5.69,54.0,1.46,2.27,0.16,0.16,0.0,44.0,39.64,73.0,3.19,0.0,0.32,0.0,0.0,50.0,0.03,0.0,0.0
1,48.0,2.33,2.01,1.7,0.11,46.0,0.0,0.04,15.48,2.23,63.0,4.56,3.5,0.32,0.42,0.0,51.0,48.76,78.0,1.93,0.0,0.21,0.0,0.0,40.0,0.03,0.0,0.0
2,38.0,2.43,0.12,1.7,0.61,5.0,0.24,0.13,10.92,0.61,62.0,3.03,3.15,0.0,0.36,0.0,52.0,28.02,81.0,2.95,0.0,0.0,0.0,0.0,33.0,0.02,0.0,0.0
3,31.0,3.54,0.79,0.59,0.2,18.0,0.0,0.27,14.15,0.59,0.0,1.57,1.57,0.0,0.0,0.0,63.0,27.12,77.0,2.85,0.79,1.57,50.0,1.77,82.0,0.41,0.2,0.38
4,54.0,0.89,0.81,0.81,0.22,48.0,0.0,0.07,10.85,0.89,58.0,2.81,4.28,0.15,0.3,0.0,68.0,34.26,84.0,1.97,0.0,0.07,0.0,0.0,0.0,0.01,0.0,0.0
5,40.0,1.54,0.95,1.42,0.0,38.0,0.12,0.17,14.33,0.47,59.0,4.62,3.32,0.12,0.12,0.0,38.0,35.17,80.0,2.79,0.12,0.83,14.0,0.71,46.0,0.31,0.0,0.05
6,53.0,1.2,2.11,0.9,0.0,64.0,0.15,0.04,13.7,0.3,38.0,5.12,4.21,0.15,0.15,0.0,53.0,44.25,82.0,1.89,0.0,0.15,0.0,0.0,20.0,0.08,0.0,0.0
7,39.0,1.33,0.85,0.85,0.24,39.0,0.0,0.32,17.9,1.81,61.0,3.27,3.15,0.24,0.0,0.0,48.0,38.23,83.0,3.05,0.12,0.48,25.0,0.0,18.0,0.11,0.0,0.13
8,47.0,2.51,2.01,0.7,0.1,44.0,0.1,0.22,11.25,1.21,47.0,3.21,4.32,0.1,0.1,0.0,63.0,25.21,78.0,1.73,0.1,0.9,33.0,0.0,36.0,0.13,0.0,0.08
9,0.0,0.0,0.13,0.0,0.2,100.0,0.0,0.0,2.42,0.0,0.0,0.07,2.16,0.33,0.0,0.0,0.0,26.97,89.0,3.56,0.0,0.0,0.0,0.0,0.0,0.0,0.0,0.0
10,42.0,1.14,0.38,1.32,0.19,25.0,0.09,0.12,9.94,2.37,55.0,3.41,2.08,0.0,0.19,0.0,50.0,19.87,71.0,3.39,0.09,0.66,14.0,0.57,40.0,0.09,0.0,0.1
11,38.0,2.04,0.6,1.2,0.12,23.0,0.12,0.11,13.58,1.56,65.0,2.28,1.2,0.0,0.0,0.0,47.0,23.91,72.0,2.51,0.12,1.2,10.0,0.72,38.0,0.12,0.0,0.12
12,61.0,0.7,0.85,1.86,0.39,55.0,0.0,0.02,9.98,0.08,73.0,3.48,4.41,0.31,0.46,0.0,64.0,38.62,88.0,1.65,0.0,0.15,0.0,0.0,0.0,0.06,0.0,0.0
13,49.0,2.96,3.39,0.99,0.11,53.0,0.0,0.16,9.42,0.66,67.0,3.39,5.36,0.44,0.11,0.0,52.0,40.07,84.0,1.06,0.0,0.11,0.0,0.0,25.0,0.04,0.0,0.0
14,48.0,1.76,0.82,2.23,0.12,32.0,0.0,0.04,6.92,0.35,0.0,4.46,4.93,0.0,0.35,0.0,55.0,39.78,91.0,1.94,0.0,0.0,0.0,0.0,50.0,0.02,0.0,0.0
15,67.0,1.68,2.98,1.21,0.09,64.0,0.0,0.04,3.82,0.0,0.0,2.14,5.96,0.56,0.37,0.0,65.0,34.1,86.0,0.92,0.0,0.09,0.0,0.0,0.0,0.06,0.0,0.0
16,37.0,1.47,0.57,2.04,0.49,28.0,0.16,0.14,12.72,1.06,48.0,3.51,1.88,0.08,0.0,0.0,35.0,35.62,81.0,1.31,0.16,0.33,50.0,0.0,42.0,0.06,0.0,0.22
17,66.0,1.16,0.66,1.33,0.33,36.0,0.0,0.09,17.4,1.82,81.0,3.98,3.65,0.5,0.66,0.0,75.0,56.52,84.0,2.01,0.0,0.17,0.0,0.0,0.0,0.04,0.0,0.0
18,53.0,1.84,1.84,2.21,0.37,50.0,0.0,0.02,8.48,0.0,71.0,4.18,5.04,0.25,0.98,0.0,53.0,43.28,88.0,2.17,0.12,0.49,25.0,0.0,38.0,0.18,0.0,0.08
19,64.0,1.32,0.99,1.15,0.0,43.0,0.0,0.02,7.73,0.82,71.0,3.78,3.95,0.16,0.33,0.0,78.0,31.26,86.0,1.4,0.0,0.0,0.0,0.0,0.0,0.0,0.0,0.0
20,46.0,2.67,1.51,1.74,0.23,36.0,0.0,0.16,15.81,0.81,67.0,6.16,3.95,0.23,0.0,0.0,53.0,41.98,86.0,1.98,0.12,0.23,50.0,0.0,20.0,0.2,0.0,0.07
21,56.0,1.1,1.42,1.73,0.16,56.0,0.0,0.03,10.54,0.0,50.0,3.93,6.29,0.47,0.47,0.0,60.0,51.61,92.0,4.02,0.0,0.0,0.0,0.0,0.0,0.0,0.0,0.0
22,39.0,3.77,1.01,1.59,0.17,21.0,0.17,0.21,10.23,1.17,61.0,0.84,1.85,0.0,0.08,0.0,50.0,13.92,64.0,2.81,0.17,1.26,13.0,1.09,48.0,0.25,0.08,0.06
23,49.0,1.36,1.22,1.09,0.14,47.0,0.0,0.31,17.24,0.27,69.0,3.39,5.57,0.27,0.0,0.0,48.0,39.5,75.0,1.78,0.0,0.27,0.0,0.0,40.0,0.07,0.0,0.0
24,54.0,1.02,0.73,1.02,0.0,42.0,0.0,0.01,9.17,0.58,62.0,3.93,6.26,0.0,0.15,0.0,59.0,38.59,88.0,1.9,0.0,0.44,0.0,0.0,40.0,0.07,0.0,0.0
25,67.0,1.71,2.31,1.0,0.3,57.0,0.0,0.07,5.83,0.5,75.0,2.31,7.03,0.8,0.7,0.0,52.0,46.91,88.0,1.95,0.0,0.2,0.0,0.0,0.0,0.02,0.0,0.0
26,61.0,0.75,1.43,1.28,0.08,66.0,0.0,0.07,19.46,2.64,57.0,4.07,4.38,0.53,0.08,0.0,61.0,50.39,80.0,1.88,0.0,0.0,0.0,0.0,0.0,0.0,0.0,0.0
27,43.0,1.61,0.42,1.95,0.25,21.0,0.08,0.13,15.39,3.13,48.0,3.38,4.14,0.17,0.34,0.0,63.0,38.15,77.0,2.2,0.17,0.42,40.0,0.0,42.0,0.09,0.08,0.15
28,41.0,1.14,0.81,0.81,0.16,42.0,0.16,0.21,16.44,4.23,40.0,1.63,3.91,0.0,0.0,0.0,40.0,42.64,82.0,2.85,0.0,0.0,0.0,0.0,0.0,0.02,0.0,0.0
29,64.0,0.86,1.15,0.57,0.22,57.0,0.0,0.05,8.55,0.22,82.0,1.87,4.6,0.57,0.86,0.0,77.0,47.62,86.0,1.84,0.0,0.0,0.0,0.0,0.0,0.01,0.0,0.0
30,44.0,1.02,0.7,1.25,0.23,41.0,0.16,0.11,15.39,0.86,68.0,3.36,3.36,0.23,0.16,0.0,51.0,58.67,88.0,1.48,0.0,0.08,0.0,0.0,33.0,0.01,0.0,0.0
31,0.0,0.0,0.35,0.0,0.12,100.0,0.0,0.0,1.87,0.0,0.0,0.0,3.26,0.23,0.0,0.0,0.0,24.13,83.0,4.05,0.0,0.0,0.0,0.0,0.0,0.0,0.0,0.0
32,40.0,1.63,0.67,0.89,0.07,29.0,0.07,0.09,12.61,0.45,81.0,2.89,4.82,0.15,0.07,0.0,36.0,57.06,93.0,1.7,0.0,0.15,0.0,0.0,0.0,0.03,0.0,0.0
33,0.0,0.0,0.33,0.07,0.13,100.0,0.0,0.0,1.3,0.0,0.0,0.13,2.8,0.13,0.0,0.0,100.0,23.67,86.0,5.49,0.0,0.0,0.0,0.0,0.0,0.0,0.0,0.0
34,59.0,1.41,2.99,0.88,0.0,68.0,0.0,0.0,2.64,0.0,0.0,1.76,4.57,0.35,1.05,0.0,40.0,30.94,86.0,1.37,0.18,0.53,33.0,0.0,40.0,0.08,0.0,0.39
35,28.0,1.34,0.27,1.52,0.09,17.0,0.09,0.29,14.85,1.34,50.0,1.88,1.34,0.0,0.0,0.0,43.0,38.65,85.0,2.86,0.09,0.72,13.0,0.54,27.0,0.22,0.0,0.04
36,60.0,1.25,1.88,0.77,0.21,60.0,0.0,0.06,12.75,1.81,65.0,3.83,5.43,0.35,0.0,0.0,71.0,39.78,79.0,1.54,0.0,0.0,0.0,0.0,0.0,0.0,0.0,0.0
37,53.0,0.39,0.71,1.5,0.32,64.0,0.0,0.06,14.53,3.32,34.0,4.18,4.5,0.24,0.39,0.0,58.0,36.79,70.0,1.75,0.08,0.16,50.0,0.0,45.0,0.05,0.0,0.13
38,39.0,4.68,3.95,1.6,0.25,46.0,0.0,0.25,14.67,1.36,47.0,2.34,2.34,0.25,0.0,0.0,42.0,25.77,68.0,4.01,0.25,1.23,20.0,0.99,36.0,0.29,0.0,0.11
39,55.0,3.12,3.37,1.4,0.19,52.0,0.0,0.02,8.52,0.51,45.0,4.01,5.85,0.32,0.25,0.0,56.0,30.85,77.0,0.76,0.0,0.19,0.0,0.0,30.0,0.05,0.0,0.0
40,43.0,1.46,1.03,1.38,0.17,41.0,0.0,0.2,14.89,1.03,57.0,5.08,3.01,0.09,0.34,0.0,51.0,27.71,75.0,2.46,0.0,0.09,0.0,0.0,36.0,0.05,0.0,0.0
41,40.0,2.48,1.84,1.73,0.22,43.0,0.32,0.2,13.4,1.84,64.0,2.92,1.84,0.22,0.11,0.0,44.0,26.79,69.0,2.49,0.22,0.32,67.0,0.0,25.0,0.12,0.0,0.19
42,46.0,1.11,0.98,2.09,0.25,47.0,0.0,0.03,13.51,0.12,71.0,4.54,2.82,0.12,0.12,0.0,35.0,53.04,88.0,1.68,0.0,0.0,0.0,0.0,40.0,0.04,0.0,0.0
43,36.0,4.09,0.82,1.43,0.41,17.0,0.41,0.14,7.16,0.61,47.0,2.66,1.23,0.0,0.41,0.0,54.0,16.98,81.0,7.09,0.0,2.45,8.0,1.64,73.0,0.27,0.0,0.0
44,50.0,1.07,1.6,0.8,0.27,60.0,0.0,0.1,20.1,0.8,63.0,2.4,4.13,0.0,0.0,0.0,44.0,54.45,84.0,2.13,0.0,0.27,0.0,0.0,29.0,0.09,0.0,0.0
45,40.0,3.28,1.05,2.36,0.13,24.0,0.26,0.1,10.87,2.23,54.0,2.23,0.79,0.0,0.13,0.0,71.0,21.62,76.0,4.68,0.13,0.92,14.0,0.79,67.0,0.22,0.13,0.08
46,51.0,1.47,1.6,1.21,0.06,52.0,0.06,0.04,9.26,0.13,67.0,4.54,5.49,0.19,0.06,0.0,46.0,41.52,88.0,1.17,0.0,0.06,0.0,0.0,20.0,0.04,0.0,0.0
47,36.0,2.0,0.59,0.71,0.24,23.0,0.12,0.15,10.84,0.59,61.0,2.83,2.59,0.12,0.12,0.0,54.0,23.68,81.0,2.78,0.24,0.94,25.0,1.06,56.0,0.22,0.0,0.13
48,43.0,2.87,0.96,1.15,0.1,25.0,0.19,0.17,15.67,1.91,70.0,4.11,2.68,0.19,0.0,0.0,47.0,30.19,78.0,2.72,0.0,0.57,0.0,0.0,9.0,0.23,0.0,0.0
49,46.0,1.84,0.98,2.45,0.37,35.0,0.12,0.15,15.08,0.98,70.0,4.17,4.29,0.25,0.61,0.0,50.0,41.44,80.0,2.95,0.12,0.25,50.0,0.0,38.0,0.05,0.0,0.3
50,56.0,1.14,1.46,1.46,0.24,56.0,0.0,0.07,8.6,1.14,56.0,2.52,4.46,0.32,0.49,0.0,68.0,35.63,76.0,1.37,0.0,0.32,0.0,0.0,13.0,0.09,0.0,0.0
51,28.0,5.82,1.44,1.96,0.26,20.0,0.0,0.13,10.2,0.2,47.0,0.98,2.16,0.07,0.07,0.0,20.0,18.82,85.0,2.31,0.46,1.24,37.0,0.85,42.0,0.33,0.07,0.09
52,56.0,2.04,1.4,1.83,0.11,41.0,0.0,0.03,8.05,0.0,0.0,3.54,5.91,0.11,0.32,0.0,70.0,41.35,85.0,1.18,0.0,0.0,0.0,0.0,67.0,0.01,0.0,0.0
53,50.0,0.57,0.46,0.8,0.11,44.0,0.11,0.22,11.11,0.92,75.0,3.78,3.32,0.11,0.11,0.0,52.0,42.6,88.0,1.8,0.11,0.23,50.0,0.69,55.0,0.06,0.0,0.22
54,59.0,0.84,0.94,0.21,0.0,53.0,0.0,0.04,17.92,0.42,67.0,2.51,4.09,0.21,0.0,0.0,58.0,58.36,87.0,1.69,0.0,0.0,0.0,0.0,0.0,0.01,0.0,0.0
55,55.0,0.75,0.3,1.06,0.0,29.0,0.0,0.13,16.28,2.41,80.0,4.22,2.71,0.15,0.0,0.0,43.0,38.59,84.0,4.44,0.0,0.15,0.0,0.0,45.0,0.06,0.0,0.0
56,50.0,1.89,0.84,1.26,0.21,31.0,0.0,0.04,10.91,1.68,0.0,3.57,2.94,0.0,0.63,0.0,71.0,33.57,84.0,1.53,0.0,0.0,0.0,0.0,0.0,0.0,0.0,0.0
57,49.0,1.21,0.77,0.33,0.11,39.0,0.22,0.1,15.26,0.66,62.0,1.87,2.74,0.33,0.33,0.0,53.0,45.99,86.0,3.13,0.0,0.22,0.0,0.0,33.0,0.04,0.0,0.0
58,54.0,1.09,1.5,1.77,0.14,58.0,0.0,0.09,17.56,2.31,52.0,3.95,5.58,0.41,0.27,0.0,66.0,56.64,87.0,1.71,0.0,0.0,0.0,0.0,50.0,0.01,0.0,0.0
59,63.0,0.62,1.04,0.41,0.21,63.0,0.0,0.0,6.22,0.21,57.0,2.49,5.18,0.0,0.21,0.0,67.0,39.4,88.0,2.06,0.0,0.0,0.0,0.0,50.0,0.03,0.0,0.0
60,58.0,1.68,2.86,1.87,0.1,63.0,0.0,0.06,21.19,4.53,46.0,2.86,5.72,0.49,0.3,0.0,59.0,53.53,80.0,1.72,0.0,0.0,0.0,0.0,0.0,0.0,0.0,0.0
61,50.0,1.84,0.65,1.3,0.43,26.0,0.0,0.25,16.1,1.62,85.0,4.97,7.78,0.32,0.43,0.0,48.0,44.73,77.0,2.75,0.0,0.22,0.0,0.0,25.0,0.06,0.0,0.0
62,35.0,2.14,0.89,0.62,0.09,29.0,0.18,0.12,9.26,0.18,45.0,0.98,1.42,0.0,0.0,0.0,55.0,19.14,78.0,2.72,0.53,0.89,60.0,0.98,73.0,0.36,0.0,0.13
63,61.0,1.67,4.02,1.86,0.49,71.0,0.0,0.01,6.97,0.2,72.0,5.5,7.07,0.69,0.39,0.0,46.0,38.57,81.0,1.42,0.0,0.0,0.0,0.0,0.0,0.0,0.0,0.0
64,0.0,0.0,0.06,0.0,0.0,100.0,0.0,0.0,2.17,0.0,0.0,0.0,1.8,0.19,0.0,0.0,0.0,36.74,91.0,3.36,0.0,0.0,0.0,0.0,0.0,0.0,0.0,0.0
65,41.0,3.17,1.34,0.67,0.33,30.0,0.17,0.08,12.86,3.01,58.0,3.34,1.67,0.0,0.33,0.0,45.0,22.88,69.0,2.43,0.17,0.67,25.0,0.0,44.0,0.1,0.0,0.27
66,0.0,0.0,0.0,0.0,0.07,0.0,0.0,0.0,3.55,0.0,0.0,0.14,2.78,0.21,0.0,0.0,50.0,29.1,88.0,4.76,0.0,0.0,0.0,0.0,0.0,0.0,0.0,0.0
67,34.0,2.18,0.56,0.84,0.14,21.0,0.0,0.13,8.23,1.41,54.0,1.05,1.2,0.0,0.07,0.0,53.0,14.84,61.0,1.86,0.14,0.63,22.0,0.77,55.0,0.2,0.0,0.05
68,46.0,0.83,1.66,1.16,0.5,67.0,0.17,0.01,14.61,1.83,45.0,3.99,2.99,0.5,0.33,0.0,42.0,38.52,77.0,1.68,0.0,0.0,0.0,0.0,0.0,0.01,0.0,0.0
69,50.0,1.18,1.03,1.33,0.59,47.0,0.0,0.09,10.18,0.44,67.0,4.72,2.21,0.0,0.0,0.0,47.0,34.52,84.0,2.89,0.0,0.0,0.0,0.0,0.0,0.07,0.0,0.0
70,40.0,1.52,1.28,0.56,0.08,46.0,0.08,0.06,9.18,0.4,59.0,2.55,2.47,0.0,0.0,0.0,44.0,26.41,80.0,1.69,0.24,1.44,22.0,0.72,47.0,0.25,0.08,0.08
71,55.0,1.31,1.58,1.05,0.26,55.0,0.0,0.06,12.09,0.26,92.0,4.2,5.39,0.53,1.18,0.0,56.0,48.22,88.0,2.16,0.0,0.0,0.0,0.0,50.0,0.02,0.0,0.0
72,53.0,1.64,1.71,1.02,0.34,51.0,0.0,0.06,10.11,0.27,74.0,3.82,4.58,0.0,0.2,0.0,45.0,25.33,65.0,0.97,0.0,0.0,0.0,0.0,40.0,0.01,0.0,0.0
73,44.0,0.92,0.55,0.74,0.0,38.0,0.0,0.21,20.29,2.95,68.0,2.4,1.48,0.18,0.0,0.0,69.0,33.38,66.0,3.41,0.18,0.55,33.0,0.0,25.0,0.17,0.0,0.2
74,34.0,0.74,0.0,0.53,0.0,0.0,0.0,0.34,16.04,1.69,46.0,1.16,2.22,0.0,0.11,0.0,64.0,31.13,78.0,3.6,0.11,0.74,14.0,0.0,26.0,0.16,0.0,0.07
75,37.0,2.1,0.63,0.84,0.21,23.0,0.1,0.11,9.85,1.68,50.0,2.1,1.68,0.0,0.0,0.0,40.0,22.53,79.0,2.73,0.31,0.63,50.0,0.0,25.0,0.2,0.1,0.16
76,45.0,1.36,0.95,1.76,0.27,41.0,0.14,0.01,4.34,0.0,0.0,3.8,5.83,0.14,0.27,0.0,46.0,38.9,93.0,2.1,0.0,0.0,0.0,0.0,0.0,0.02,0.0,0.0
77,36.0,0.87,0.55,1.31,0.22,38.0,0.22,0.28,19.25,0.87,67.0,5.25,4.05,0.11,0.0,0.0,31.0,47.46,84.0,2.45,0.0,0.33,0.0,0.0,38.0,0.28,0.0,0.0
78,63.0,1.33,1.77,0.44,0.3,57.0,0.0,0.02,6.05,0.0,100.0,1.62,4.57,0.3,0.44,0.0,73.0,30.84,83.0,1.72,0.0,0.3,0.0,0.0,33.0,0.03,0.0,0.0
79,55.0,1.13,1.66,0.9,0.08,59.0,0.0,0.01,16.63,1.96,50.0,3.39,5.64,0.23,0.08,0.0,58.0,44.55,80.0,1.28,0.0,0.08,0.0,0.0,33.0,0.02,0.0,0.0
80,56.0,1.12,1.57,1.35,0.22,58.0,0.0,0.2,20.56,3.71,73.0,4.49,5.39,0.22,0.34,0.0,57.0,56.97,80.0,2.22,0.0,0.11,0.0,0.0,22.0,0.04,0.0,0.0
81,41.0,4.3,3.72,0.29,0.0,46.0,0.0,0.11,10.66,0.39,0.0,0.39,1.17,0.0,0.1,0.0,100.0,21.52,71.0,1.38,0.2,1.76,11.0,1.08,46.0,0.51,0.1,0.04
82,33.0,5.19,3.0,0.95,0.0,37.0,0.0,0.09,8.41,0.15,52.0,1.24,1.39,0.0,0.0,0.0,24.0,19.89,75.0,1.66,0.44,1.1,40.0,0.73,50.0,0.33,0.15,0.1
83,45.0,1.22,0.11,1.22,0.11,8.0,0.22,0.42,16.78,0.78,65.0,3.11,2.67,0.0,0.11,0.0,64.0,41.33,86.0,2.11,0.0,0.33,0.0,0.0,14.0,0.06,0.0,0.0
84,42.0,4.18,3.68,1.17,0.17,47.0,0.0,0.17,11.38,1.0,73.0,0.5,1.84,0.0,0.0,0.0,33.0,24.42,72.0,2.98,0.17,1.0,17.0,0.0,38.0,0.22,0.0,0.13
85,54.0,1.39,0.87,1.04,0.43,38.0,0.0,0.12,6.61,0.17,67.0,3.22,4.61,0.26,0.35,0.0,54.0,23.74,74.0,1.45,0.0,0.0,0.0,0.0,0.0,0.0,0.0,0.0
86,45.0,1.34,0.41,0.1,0.0,24.0,0.0,0.1,12.08,1.34,37.0,3.2,4.54,0.0,0.1,0.0,55.0,35.4,84.0,2.12,0.1,0.52,20.0,0.0,29.0,0.1,0.0,0.11
87,34.0,1.93,1.03,1.42,0.26,35.0,0.13,0.11,14.03,0.9,43.0,3.35,2.58,0.0,0.13,0.0,23.0,27.55,64.0,2.44,0.26,1.03,25.0,1.29,45.0,0.34,0.0,0.1
88,67.0,2.23,3.76,0.84,0.14,63.0,0.0,0.07,8.08,0.28,0.0,2.65,5.57,0.7,0.7,0.0,53.0,42.91,87.0,1.65,0.0,0.42,0.0,0.0,40.0,0.09,0.0,0.0
89,50.0,2.06,1.65,0.62,0.21,44.0,0.0,0.0,6.19,0.21,50.0,2.48,6.81,0.83,0.62,0.0,67.0,52.43,85.0,2.6,0.0,0.21,0.0,0.0,0.0,0.03,0.0,0.0
90,53.0,0.88,0.95,0.88,0.14,52.0,0.0,0.08,13.77,2.03,75.0,2.92,5.63,0.34,0.34,0.0,53.0,40.22,74.0,1.04,0.0,0.0,0.0,0.0,13.0,0.01,0.0,0.0
91,33.0,4.58,1.85,0.67,0.15,29.0,0.0,0.16,9.53,0.81,45.0,0.89,1.03,0.0,0.0,0.0,50.0,18.18,69.0,1.87,0.22,0.96,23.0,0.89,39.0,0.29,0.0,0.06
92,47.0,13.89,11.36,1.98,0.18,45.0,0.18,0.08,14.43,0.36,0.0,1.44,2.71,0.18,0.18,0.0,38.0,27.05,73.0,1.41,0.36,1.26,29.0,0.0,57.0,0.25,0.36,0.26
93,51.0,1.34,1.51,1.68,0.67,53.0,0.0,0.12,12.76,1.34,59.0,2.52,6.38,0.34,0.17,0.0,33.0,34.76,83.0,2.0,0.0,0.0,0.0,0.0,40.0,0.03,0.0,0.0
94,45.0,1.26,0.46,0.69,0.11,27.0,0.11,0.4,22.64,3.56,25.0,2.3,6.09,0.46,0.34,0.0,45.0,49.2,68.0,1.24,0.0,0.0,0.0,0.0,17.0,0.02,0.0,0.0
95,59.0,2.8,4.15,1.12,0.48,60.0,0.0,0.01,6.79,0.0,75.0,3.03,6.71,0.64,0.16,0.0,39.0,32.9,80.0,1.34,0.0,0.32,0.0,0.0,43.0,0.16,0.0,0.0
96,54.0,1.81,1.06,0.6,0.15,37.0,0.0,0.08,6.33,0.0,0.0,1.51,6.18,0.6,0.45,0.0,80.0,50.8,90.0,2.0,0.0,0.0,0.0,0.0,100.0,0.0,0.0,0.0
97,44.0,1.48,1.11,0.93,0.19,43.0,0.19,0.08,11.67,0.56,63.0,2.41,1.3,0.0,0.0,0.0,31.0,28.89,77.0,5.16,0.37,0.74,50.0,1.11,75.0,0.13,0.0,0.54
98,56.0,1.3,1.5,1.3,0.4,54.0,0.0,0.02,7.18,0.1,0.0,4.19,5.99,0.1,0.5,0.0,67.0,31.43,82.0,1.14,0.0,0.3,0.0,0.0,50.0,0.05,0.0,0.0
99,58.0,0.97,2.35,1.38,0.69,71.0,0.0,0.0,5.12,0.14,29.0,4.02,3.88,0.42,0.97,0.0,48.0,27.14,88.0,1.61,0.0,0.0,0.0,0.0,0.0,0.0,0.0,0.0
100,31.0,0.94,0.38,0.38,0.19,29.0,0.19,0.5,12.38,2.62,38.0,3.38,1.88,0.19,0.38,0.0,33.0,21.0,66.0,4.36,0.0,1.31,0.0,1.88,71.0,0.26,0.0,0.0
101,55.0,1.04,0.78,1.3,0.39,43.0,0.13,0.15,16.21,2.07,67.0,4.15,6.1,0.39,0.39,0.0,72.0,45.13,83.0,3.24,0.0,0.26,0.0,0.0,75.0,0.04,0.0,0.0
102,0.0,0.0,0.25,0.0,0.06,100.0,0.0,0.02,6.63,0.0,0.0,0.0,2.23,0.5,0.0,0.0,0.0,31.65,86.0,4.8,0.0,0.0,0.0,0.0,100.0,0.01,0.0,0.0
103,39.0,2.64,2.94,1.62,0.15,53.0,0.0,0.06,8.52,0.29,0.0,0.88,1.47,0.15,0.0,0.0,67.0,18.65,76.0,2.31,0.29,1.47,20.0,1.47,56.0,0.36,0.15,0.12
104,63.0,1.48,2.96,1.23,0.12,67.0,0.0,0.05,18.15,2.22,75.0,2.72,7.28,0.0,0.25,0.0,59.0,45.8,75.0,2.15,0.0,0.12,0.0,0.0,0.0,0.05,0.0,0.0
105,78.0,0.94,2.62,0.56,0.0,74.0,0.0,0.0,3.94,0.0,100.0,0.75,7.5,0.56,1.12,0.0,100.0,38.06,86.0,2.36,0.0,0.19,0.0,0.0,0.0,0.05,0.0,0.0
106,35.0,1.97,0.7,0.56,0.0,26.0,0.28,0.3,12.36,1.12,45.0,3.09,2.53,0.0,0.0,0.0,55.0,28.64,79.0,2.93,0.0,0.7,0.0,0.98,70.0,0.19,0.0,0.0
107,40.0,3.94,2.66,1.11,0.26,40.0,0.17,0.07,7.37,0.0,0.0,1.46,1.46,0.09,0.17,0.0,41.0,25.8,80.0,2.09,0.34,1.2,29.0,0.77,47.0,0.4,0.09,0.07
108,48.0,1.72,0.86,0.72,0.29,33.0,0.0,0.1,11.48,0.14,0.0,3.73,5.17,0.0,0.0,0.0,46.0,33.59,75.0,2.42,0.0,0.14,0.0,0.0,75.0,0.09,0.0,0.0
109,37.0,1.78,0.5,0.79,0.0,22.0,0.1,0.17,11.58,1.19,44.0,1.88,1.09,0.0,0.3,0.0,63.0,20.69,75.0,3.62,0.1,0.59,17.0,0.69,47.0,0.18,0.0,0.05
110,45.0,1.6,1.07,1.34,0.0,40.0,0.4,0.28,13.37,0.53,14.0,2.27,2.14,0.13,0.27,0.0,71.0,35.04,81.0,3.98,0.0,0.27,0.0,0.0,25.0,0.06,0.0,0.0
111,54.0,1.45,2.54,0.91,0.0,64.0,0.0,0.0,4.16,0.36,0.0,4.35,5.07,0.18,0.54,0.0,63.0,23.36,80.0,1.73,0.36,0.36,100.0,0.0,100.0,0.14,0.18,0.47
112,59.0,2.57,3.62,0.83,0.49,58.0,0.0,0.01,9.39,0.0,60.0,2.16,8.83,0.28,0.83,0.0,65.0,36.51,76.0,1.34,0.0,0.07,0.0,0.0,29.0,0.09,0.0,0.0
113,31.0,0.62,0.31,0.83,0.1,33.0,0.0,0.09,11.04,0.42,71.0,1.88,1.25,0.0,0.0,0.0,33.0,24.27,83.0,1.95,0.0,0.52,20.0,0.0,20.0,0.14,0.0,0.0
114,56.0,0.7,0.94,1.64,0.35,57.0,0.0,0.07,5.38,0.7,67.0,2.57,4.45,0.47,0.23,0.0,55.0,32.3,83.0,1.43,0.0,0.12,0.0,0.0,100.0,0.02,0.0,0.0
115,33.0,0.94,0.71,0.24,0.0,43.0,0.0,0.13,10.84,0.47,63.0,2.24,2.47,0.0,0.12,0.0,26.0,35.1,85.0,2.04,0.24,1.18,20.0,0.71,75.0,0.26,0.0,0.11
116,52.0,1.98,1.98,2.1,0.25,50.0,0.0,0.1,11.64,0.87,72.0,3.22,2.6,0.25,0.37,0.0,62.0,32.19,82.0,1.9,0.12,0.74,17.0,0.0,29.0,0.17,0.0,0.09
117,56.0,1.43,1.36,1.5,0.21,49.0,0.21,0.14,13.68,1.93,54.0,4.94,5.58,0.29,0.29,0.0,62.0,38.02,71.0,1.35,0.0,0.14,0.0,0.0,13.0,0.02,0.0,0.0
118,58.0,1.65,1.92,1.1,0.0,54.0,0.0,0.17,18.96,4.4,0.0,1.79,3.16,0.0,0.14,0.0,46.0,47.82,76.0,2.49,0.14,0.41,33.0,0.0,100.0,0.1,0.0,0.18
119,38.0,7.19,3.45,2.01,0.29,32.0,0.29,0.08,11.79,1.44,68.0,0.58,1.44,0.0,0.0,0.0,100.0,23.0,69.0,4.33,0.29,1.73,17.0,2.01,54.0,0.31,0.0,0.27
120,46.0,2.37,1.87,1.12,0.25,44.0,0.0,0.2,8.09,0.37,0.0,1.74,3.73,0.25,0.37,0.0,50.0,20.91,75.0,1.34,0.0,0.25,0.0,0.0,63.0,0.18,0.0,0.0
121,40.0,1.2,0.2,0.2,0.2,14.0,0.2,0.16,10.8,1.4,57.0,1.4,2.0,0.2,0.2,0.0,57.0,24.8,89.0,3.07,0.0,0.6,0.0,0.0,0.0,0.13,0.0,0.0
122,31.0,4.35,1.41,1.3,0.22,25.0,0.0,0.06,7.17,0.11,0.0,0.98,1.2,0.11,0.11,0.0,56.0,15.87,82.0,1.99,0.33,1.74,19.0,1.2,42.0,0.56,0.0,0.06
123,46.0,1.15,1.15,1.03,0.0,50.0,0.0,0.02,10.08,0.92,65.0,2.86,6.41,0.46,0.23,0.0,48.0,37.67,87.0,2.04,0.0,0.46,0.0,0.0,11.0,0.1,0.0,0.0
124,56.0,1.52,1.01,1.69,0.84,40.0,0.0,0.01,8.43,0.0,0.0,5.06,7.08,0.51,0.17,0.0,60.0,43.48,87.0,1.44,0.0,0.17,0.0,0.0,0.0,0.03,0.0,0.0
125,40.0,4.34,2.58,1.49,0.14,37.0,0.14,0.12,9.22,1.22,46.0,0.95,1.49,0.0,0.0,0.0,43.0,15.45,62.0,3.06,0.27,0.95,29.0,0.81,46.0,0.39,0.0,0.09
126,33.0,1.75,0.7,0.82,0.12,29.0,0.23,0.32,9.46,1.05,54.0,1.75,1.4,0.0,0.23,0.0,40.0,18.68,69.0,1.51,0.23,0.82,29.0,0.93,47.0,0.21,0.0,0.13
127,61.0,0.47,0.76,0.76,0.09,62.0,0.19,0.08,11.0,1.33,74.0,3.03,5.41,0.47,0.38,0.0,72.0,40.68,85.0,1.92,0.0,0.09,0.0,0.0,0.0,0.08,0.0,0.0
128,34.0,2.03,0.84,0.72,0.24,29.0,0.0,0.08,16.99,0.72,50.0,2.15,1.68,0.24,0.24,0.0,22.0,37.22,80.0,2.73,0.12,0.36,33.0,0.0,11.0,0.12,0.0,0.12
129,49.0,1.4,1.55,1.4,0.31,53.0,0.16,0.29,24.72,1.09,100.0,3.26,6.37,0.16,0.16,0.0,29.0,59.84,80.0,2.62,0.16,0.62,25.0,0.0,57.0,0.28,0.0,0.09
130,36.0,5.25,1.54,0.51,0.31,23.0,0.1,0.04,8.96,0.21,49.0,0.51,1.44,0.0,0.0,0.0,40.0,16.37,75.0,2.1,0.41,1.13,36.0,0.62,43.0,0.27,0.0,0.16
131,0.0,0.0,0.13,0.0,0.0,100.0,0.0,0.0,3.02,0.0,0.0,0.25,2.01,0.19,0.0,0.0,50.0,28.49,87.0,4.33,0.0,0.0,0.0,0.0,0.0,0.0,0.0,0.0
132,57.0,1.03,1.62,0.44,0.15,61.0,0.0,0.02,5.73,0.0,100.0,2.35,3.82,0.29,0.44,0.0,50.0,33.33,83.0,2.03,0.0,0.0,0.0,0.0,0.0,0.03,0.0,0.0
133,36.0,1.52,0.51,2.02,0.38,25.0,0.13,0.16,10.11,1.14,65.0,3.41,2.02,0.0,0.0,0.0,41.0,21.62,71.0,3.46,0.13,0.38,33.0,0.0,40.0,0.11,0.0,0.15
134,0.0,0.0,0.59,0.0,0.07,100.0,0.0,0.0,3.54,0.0,0.0,0.22,2.95,0.3,0.0,0.0,33.0,32.71,87.0,4.9,0.0,0.0,0.0,0.0,0.0,0.0,0.0,0.0
135,39.0,1.07,0.31,1.23,0.15,22.0,0.15,0.28,12.57,1.53,59.0,3.68,1.38,0.0,0.0,0.0,38.0,27.6,82.0,4.7,0.15,0.61,25.0,0.0,30.0,0.15,0.0,0.16
136,51.0,2.25,1.41,1.41,0.28,38.0,0.0,0.42,13.64,0.7,71.0,3.52,4.22,0.14,0.0,0.0,60.0,32.48,78.0,2.16,0.0,0.0,0.0,0.0,25.0,0.04,0.0,0.0
137,44.0,3.01,1.0,0.67,0.17,25.0,0.0,0.03,9.03,1.0,53.0,4.01,3.35,0.5,0.67,0.0,58.0,21.08,77.0,3.77,0.0,0.84,0.0,0.0,50.0,0.11,0.0,0.0
138,49.0,1.49,1.12,1.49,0.0,43.0,0.0,0.03,11.2,0.93,62.0,3.17,3.73,0.56,0.19,0.0,82.0,32.86,80.0,2.83,0.0,0.37,0.0,0.0,17.0,0.09,0.0,0.0
139,53.0,2.58,2.74,1.29,0.32,52.0,0.0,0.03,7.57,0.0,71.0,3.86,9.34,0.81,0.48,0.0,50.0,47.17,84.0,2.14,0.0,0.64,0.0,0.0,40.0,0.12,0.0,0.0
140,44.0,0.87,1.44,0.43,0.0,63.0,0.14,0.08,7.93,0.72,0.0,2.31,6.63,0.58,0.58,0.0,31.0,51.92,83.0,1.64,0.0,0.0,0.0,0.0,0.0,0.0,0.0,0.0
141,42.0,2.58,2.38,2.17,0.52,48.0,0.1,0.07,15.29,2.48,44.0,4.44,3.62,0.0,0.0,0.0,49.0,33.69,71.0,2.28,0.0,0.93,0.0,0.0,63.0,0.13,0.0,0.0
142,0.0,0.06,0.0,0.0,0.0,0.0,0.0,0.0,5.74,0.0,0.0,0.38,3.03,0.19,0.0,0.0,67.0,28.46,84.0,5.34,0.0,0.0,0.0,0.0,0.0,0.0,0.0,0.0
143,54.0,2.24,2.36,1.42,0.24,51.0,0.0,0.06,9.45,1.06,80.0,5.08,6.73,0.0,0.83,0.0,51.0,38.27,83.0,1.69,0.0,0.24,0.0,0.0,0.0,0.02,0.0,0.0
144,37.0,3.21,1.18,1.35,0.17,27.0,0.17,0.06,12.66,2.03,56.0,2.7,4.22,0.17,0.17,0.0,25.0,26.68,59.0,2.31,0.17,0.17,100.0,0.0,20.0,0.07,0.0,0.39
145,38.0,4.79,1.98,0.53,0.15,29.0,0.0,0.14,11.63,1.29,69.0,0.91,1.9,0.08,0.23,0.0,33.0,19.16,72.0,2.16,0.23,1.29,29.0,0.68,35.0,0.24,0.08,0.07
146,29.0,3.68,0.96,0.96,0.0,21.0,0.0,0.06,6.73,0.16,60.0,1.44,1.76,0.0,0.16,0.0,44.0,15.53,76.0,3.39,0.48,2.24,21.0,0.96,43.0,0.6,0.16,0.13
147,50.0,4.1,2.37,0.65,0.22,37.0,0.22,0.25,14.03,1.08,82.0,2.16,1.73,0.0,0.22,0.0,50.0,26.12,71.0,4.15,0.22,2.16,10.0,1.29,30.0,0.46,0.0,0.1
148,45.0,1.6,1.5,0.9,0.3,48.0,0.1,0.1,10.41,0.8,74.0,3.6,2.3,0.1,0.1,0.0,42.0,29.53,79.0,2.98,0.3,0.8,38.0,0.0,40.0,0.24,0.2,0.13
149,20.0,10.31,1.72,2.4,0.34,14.0,0.17,0.1,8.24,0.17,30.0,2.23,1.03,0.17,0.0,0.0,38.0,16.66,78.0,2.61,0.52,1.2,43.0,1.03,43.0,0.4,0.0,0.22
150,53.0,1.13,2.59,0.97,0.49,70.0,0.0,0.11,19.26,2.1,63.0,4.37,4.37,0.49,0.16,0.0,52.0,40.31,71.0,2.0,0.0,0.0,0.0,0.0,0.0,0.01,0.0,0.0
151,48.0,1.25,1.72,1.1,0.16,58.0,0.0,0.06,10.8,1.88,62.0,2.03,2.82,0.31,0.31,0.0,46.0,23.01,78.0,1.93,0.0,0.31,0.0,0.0,0.0,0.08,0.0,0.0
152,32.0,5.87,2.75,1.37,0.25,32.0,0.12,0.11,9.24,0.62,0.0,1.75,1.5,0.0,0.0,0.0,29.0,22.22,78.0,2.6,0.37,1.87,27.0,1.25,50.0,0.51,0.0,0.09
153,34.0,2.92,1.77,1.24,0.27,38.0,0.09,0.07,8.33,1.06,0.0,1.42,2.75,0.0,0.09,0.0,25.0,19.49,61.0,1.39,0.27,1.68,16.0,0.8,39.0,0.48,0.0,0.05
154,37.0,0.98,0.56,1.68,0.56,36.0,0.0,0.1,11.62,2.1,53.0,3.5,3.78,0.14,0.0,0.0,28.0,29.11,81.0,4.3,0.0,0.42,0.0,0.0,44.0,0.08,0.0,0.0
155,54.0,0.65,0.26,0.77,0.13,29.0,0.13,0.15,16.27,5.42,53.0,4.39,4.26,0.52,0.39,0.13,71.0,43.39,76.0,2.95,0.0,0.52,0.0,0.0,38.0,0.11,0.0,0.0
156,45.0,1.07,1.07,1.54,0.24,50.0,0.12,0.24,20.51,5.34,44.0,2.49,2.61,0.59,0.24,0.0,48.0,45.65,71.0,2.43,0.0,0.0,0.0,0.0,67.0,0.01,0.0,0.0
157,36.0,8.47,5.24,1.53,0.24,38.0,0.0,0.14,6.37,0.16,0.0,1.37,1.29,0.08,0.08,0.0,41.0,14.35,71.0,0.67,0.24,1.53,16.0,1.13,50.0,0.45,0.0,0.04
158,48.0,1.09,1.48,0.93,0.08,58.0,0.0,0.05,10.42,0.47,61.0,2.57,4.43,0.39,0.47,0.0,42.0,28.31,78.0,1.83,0.0,0.16,0.0,0.0,20.0,0.07,0.0,0.0
159,51.0,1.21,0.67,0.8,0.0,36.0,0.13,0.12,19.05,1.74,67.0,3.08,6.71,0.4,0.13,0.0,48.0,56.07,81.0,1.16,0.0,0.0,0.0,0.0,0.0,0.0,0.0,0.0
160,50.0,1.91,1.91,0.59,0.0,50.0,0.15,0.12,9.97,0.59,0.0,4.54,3.81,0.29,0.29,0.0,45.0,26.68,64.0,2.22,0.0,0.59,0.0,0.0,33.0,0.05,0.0,0.0
161,43.0,1.15,1.15,0.76,0.38,50.0,0.19,0.26,17.39,2.1,42.0,4.39,2.48,0.0,0.0,0.0,57.0,42.8,83.0,5.23,0.0,0.19,0.0,0.0,0.0,0.06,0.0,0.0
162,31.0,1.16,0.13,0.9,0.0,10.0,0.0,0.19,15.53,1.8,33.0,2.57,1.67,0.0,0.0,0.0,45.0,41.85,86.0,3.91,0.13,0.64,40.0,0.0,22.0,0.24,0.0,0.07
163,58.0,0.67,0.87,0.77,0.1,56.0,0.1,0.03,12.51,2.12,58.0,2.79,3.85,0.48,0.39,0.0,79.0,42.06,79.0,1.33,0.0,0.1,0.0,0.0,67.0,0.04,0.0,0.0
164,44.0,1.0,0.5,1.69,0.5,33.0,0.3,0.23,15.13,0.8,62.0,3.58,3.48,0.2,0.5,0.0,53.0,41.52,81.0,2.0,0.0,0.1,0.0,0.0,20.0,0.03,0.0,0.0
165,46.0,1.39,1.28,0.58,0.0,48.0,0.0,0.04,4.76,0.46,0.0,2.78,4.52,0.0,1.04,0.0,50.0,22.73,83.0,1.52,0.0,0.12,0.0,0.0,25.0,0.02,0.0,0.0
166,46.0,1.02,1.1,0.93,0.08,52.0,0.0,0.17,19.43,4.07,30.0,3.05,3.05,0.08,0.08,0.0,42.0,34.95,64.0,2.02,0.08,0.34,25.0,0.0,18.0,0.08,0.0,0.09
167,52.0,1.36,0.58,1.56,0.0,30.0,0.0,0.16,22.16,5.83,36.0,3.11,4.67,0.19,0.39,0.0,56.0,39.07,75.0,3.74,0.0,0.0,0.0,0.0,13.0,0.06,0.0,0.0
168,34.0,3.24,1.56,0.39,0.0,32.0,0.13,0.08,5.58,0.26,59.0,0.52,0.91,0.0,0.0,0.0,50.0,10.76,70.0,4.01,0.65,1.69,38.0,1.69,87.0,0.45,0.13,0.19
169,59.0,1.12,1.87,2.24,0.25,63.0,0.0,0.12,12.09,0.12,88.0,4.36,4.99,0.37,0.37,0.0,40.0,46.37,87.0,2.94,0.0,0.0,0.0,0.0,0.0,0.0,0.0,0.0
170,51.0,3.88,3.11,2.0,0.22,44.0,0.33,0.42,16.87,0.67,57.0,1.11,2.11,0.0,0.22,0.0,80.0,29.96,66.0,1.94,0.0,0.44,0.0,0.0,0.0,0.09,0.0,0.0
171,57.0,1.3,2.12,1.46,0.33,62.0,0.16,0.11,10.9,0.16,0.0,5.53,5.7,0.33,0.0,0.0,47.0,33.53,77.0,2.44,0.0,0.16,0.0,0.0,40.0,0.12,0.0,0.0
172,39.0,1.93,0.4,0.96,0.0,17.0,0.16,0.14,13.41,2.01,63.0,5.38,4.82,0.16,0.08,0.0,43.0,31.15,75.0,1.46,0.0,0.32,0.0,0.0,23.0,0.07,0.0,0.0
173,39.0,1.32,0.56,0.38,0.0,30.0,0.0,0.05,10.9,1.5,39.0,1.5,1.88,0.0,0.0,0.0,38.0,21.8,76.0,4.53,0.19,0.38,50.0,0.0,40.0,0.07,0.0,0.54
174,46.0,1.63,0.74,2.66,0.15,31.0,0.0,0.09,12.29,1.63,63.0,3.26,1.92,0.0,0.0,0.0,50.0,24.42,76.0,4.49,0.0,0.15,0.0,0.0,0.0,0.04,0.0,0.0
175,48.0,1.51,1.32,0.75,0.57,47.0,0.38,0.2,16.42,2.83,0.0,3.02,4.34,0.38,0.94,0.0,38.0,37.92,71.0,1.87,0.0,0.19,0.0,0.0,33.0,0.08,0.0,0.0
176,52.0,1.19,1.36,1.19,0.85,53.0,0.0,0.0,3.23,0.17,71.0,3.57,4.75,0.17,1.7,0.0,38.0,28.19,86.0,2.27,0.0,0.17,0.0,0.0,0.0,0.01,0.0,0.0
177,53.0,1.04,1.43,1.43,0.13,58.0,0.0,0.02,12.75,1.43,56.0,0.26,3.64,0.65,0.52,0.0,68.0,37.2,77.0,2.06,0.0,0.26,0.0,0.0,50.0,0.03,0.0,0.0
178,32.0,3.04,0.54,2.17,0.11,15.0,0.22,0.18,9.12,0.33,68.0,1.52,1.09,0.0,0.11,0.0,50.0,16.18,77.0,3.05,0.22,1.19,18.0,0.76,44.0,0.27,0.0,0.09
179,0.0,0.14,0.41,0.0,0.0,75.0,0.0,0.0,1.9,0.0,0.0,0.0,3.66,0.14,0.0,0.0,0.0,24.13,87.0,5.28,0.0,0.0,0.0,0.0,0.0,0.0,0.0,0.0
180,57.0,2.5,2.73,0.68,0.0,52.0,0.0,0.02,5.11,0.11,0.0,2.39,7.27,0.57,1.02,0.0,57.0,38.07,86.0,1.4,0.0,0.0,0.0,0.0,0.0,0.01,0.0,0.0
181,56.0,0.99,0.71,0.43,0.0,42.0,0.0,0.05,14.62,1.85,89.0,3.97,3.55,0.14,0.14,0.0,57.0,41.88,84.0,2.52,0.0,0.0,0.0,0.0,40.0,0.02,0.0,0.0
182,35.0,3.93,1.21,2.12,0.45,24.0,0.15,0.18,10.29,1.36,40.0,3.18,3.48,0.15,0.0,0.15,43.0,27.53,68.0,2.46,0.3,1.36,22.0,0.91,43.0,0.21,0.3,0.21
183,35.0,1.88,0.94,1.1,0.0,33.0,0.0,0.04,13.98,0.31,50.0,2.67,2.51,0.16,0.0,0.0,53.0,34.24,76.0,2.05,0.0,0.0,0.0,0.0,22.0,0.05,0.0,0.0
184,63.0,1.13,1.59,0.68,0.08,58.0,0.0,0.02,9.59,0.45,100.0,0.91,6.42,0.45,0.98,0.0,50.0,39.71,82.0,1.05,0.0,0.0,0.0,0.0,0.0,0.01,0.0,0.0
185,56.0,1.05,1.96,0.45,0.15,65.0,0.0,0.12,16.4,3.46,45.0,2.11,4.52,0.45,0.0,0.0,64.0,41.39,75.0,2.11,0.15,0.15,100.0,0.0,100.0,0.03,0.0,0.79
186,33.0,5.23,2.54,0.79,0.16,33.0,0.16,0.19,6.97,0.16,0.0,0.79,1.11,0.0,0.0,0.0,40.0,14.58,78.0,2.72,0.32,1.27,25.0,0.95,46.0,0.46,0.0,0.11
187,43.0,1.43,1.43,2.28,0.43,50.0,0.14,0.09,10.84,1.28,56.0,4.85,4.14,0.14,0.0,0.0,41.0,39.94,84.0,2.79,0.0,0.43,0.0,0.0,40.0,0.11,0.0,0.0
188,67.0,0.62,1.24,0.83,0.41,67.0,0.0,0.02,2.07,0.21,0.0,2.9,5.38,0.62,0.62,0.0,79.0,37.66,89.0,1.75,0.0,0.0,0.0,0.0,0.0,0.01,0.0,0.0
189,29.0,7.8,2.77,1.26,0.25,26.0,0.13,0.17,10.2,0.0,0.0,0.88,1.01,0.0,0.13,0.0,43.0,23.03,83.0,1.68,0.25,1.38,18.0,0.76,40.0,0.36,0.0,0.09
190,52.0,1.76,1.51,1.26,0.13,46.0,0.0,0.08,14.44,0.25,92.0,4.77,4.52,0.13,0.13,0.0,45.0,44.06,82.0,1.25,0.0,0.0,0.0,0.0,25.0,0.02,0.0,0.0
191,42.0,2.08,1.7,2.26,0.94,45.0,0.0,0.27,23.4,2.83,50.0,2.64,4.53,0.0,0.19,0.0,50.0,56.79,80.0,4.72,0.0,0.57,0.0,0.0,10.0,0.06,0.0,0.0
192,55.0,1.4,2.42,0.76,0.25,63.0,0.13,0.06,6.48,0.25,0.0,3.43,4.58,0.89,1.02,0.0,48.0,48.05,86.0,1.67,0.0,0.13,0.0,0.0,0.0,0.02,0.0,0.0
193,49.0,1.41,0.81,1.31,0.4,36.0,0.1,0.05,10.61,0.3,63.0,3.23,3.13,0.2,0.1,0.0,63.0,36.87,87.0,2.26,0.0,0.61,0.0,0.0,33.0,0.14,0.0,0.0
194,35.0,7.12,4.51,2.69,0.32,39.0,0.0,0.07,9.66,0.87,15.0,2.3,1.82,0.0,0.0,0.0,55.0,20.11,78.0,1.84,0.24,1.03,38.0,0.79,45.0,0.2,0.08,0.09
195,0.0,0.09,0.18,0.09,0.27,67.0,0.0,0.0,8.14,0.0,0.0,0.0,3.75,0.27,0.0,0.0,0.0,29.73,78.0,5.24,0.0,0.0,0.0,0.0,0.0,0.0,0.0,0.0
196,0.0,0.0,0.16,0.08,0.23,100.0,0.0,0.0,1.09,0.0,0.0,0.23,2.8,0.31,0.0,0.0,33.0,23.96,86.0,3.68,0.0,0.0,0.0,0.0,0.0,0.0,0.0,0.0
197,35.0,3.11,1.22,1.56,0.33,28.0,0.0,0.11,8.11,0.33,0.0,0.89,1.44,0.0,0.0,0.0,63.0,16.22,71.0,2.31,0.22,1.33,17.0,0.78,27.0,0.35,0.0,0.07
198,37.0,7.45,3.82,2.0,0.55,34.0,0.0,0.14,7.64,0.36,0.0,0.91,1.82,0.0,0.0,0.0,20.0,17.82,74.0,3.02,0.36,1.45,38.0,1.27,39.0,0.61,0.18,0.11
199,49.0,2.1,2.9,0.97,0.16,58.0,0.0,0.0,7.42,0.16,0.0,4.19,6.94,0.32,0.32,0.0,35.0,29.68,77.0,1.6,0.0,0.0,0.0,0.0,50.0,0.02,0.0,0.0
200,42.0,5.82,4.1,1.0,0.18,41.0,0.0,0.12,9.01,0.55,0.0,0.64,1.91,0.0,0.27,0.0,43.0,15.93,66.0,1.51,0.18,1.55,12.0,0.73,38.0,0.41,0.09,0.04
201,50.0,0.81,1.06,0.81,0.24,57.0,0.0,0.03,6.82,0.08,78.0,3.0,4.46,0.16,0.41,0.0,35.0,40.01,90.0,1.62,0.0,0.0,0.0,0.0,0.0,0.01,0.0,0.0
202,64.0,0.72,1.96,1.76,0.21,73.0,0.0,0.0,5.79,0.0,67.0,2.38,4.86,0.83,0.62,0.0,57.0,42.37,91.0,1.9,0.0,0.0,0.0,0.0,33.0,0.04,0.0,0.0
203,40.0,1.93,0.97,1.21,0.36,33.0,0.12,0.23,14.86,1.93,48.0,1.45,0.85,0.0,0.12,0.0,42.0,25.49,78.0,2.34,0.24,0.48,100.0,0.0,38.0,0.17,0.0,0.18
204,39.0,3.11,1.64,1.12,0.26,35.0,0.0,0.16,11.82,0.17,20.0,3.37,4.23,0.35,0.17,0.0,54.0,35.21,85.0,1.32,0.09,0.52,17.0,0.0,36.0,0.15,0.09,0.05
205,33.0,1.26,0.57,0.8,0.23,31.0,0.23,0.37,18.69,3.55,40.0,1.83,2.18,0.0,0.0,0.0,38.0,34.62,74.0,2.74,0.11,0.57,20.0,0.0,43.0,0.18,0.11,0.07
206,27.0,4.13,0.98,1.38,0.0,19.0,0.2,0.19,11.0,0.79,0.0,1.77,1.77,0.2,0.2,0.0,44.0,27.51,77.0,4.54,0.2,1.97,10.0,0.0,30.0,0.39,0.0,0.1
207,0.0,0.0,0.08,0.0,0.0,100.0,0.0,0.0,2.76,0.0,0.0,0.15,3.53,0.31,0.0,0.0,50.0,23.84,84.0,6.72,0.0,0.0,0.0,0.0,0.0,0.0,0.0,0.0
208,45.0,2.62,1.53,1.2,0.33,37.0,0.0,0.12,14.76,2.08,39.0,3.61,3.17,0.11,0.22,0.0,64.0,27.67,70.0,2.28,0.11,0.22,50.0,0.0,30.0,0.13,0.11,0.09
209,38.0,1.06,0.61,1.37,0.0,45.0,0.15,0.06,1.22,0.15,33.0,0.3,0.46,0.0,0.0,0.0,43.0,2.74,71.0,1.86,0.46,0.15,0.0,0.0,45.0,0.4,0.0,0.17
210,36.0,4.32,2.67,1.64,0.41,38.0,0.1,0.19,11.4,0.72,0.0,0.62,1.34,0.0,0.1,0.0,33.0,32.26,77.0,1.16,0.1,0.92,11.0,0.0,25.0,0.25,0.0,0.04
211,0.0,0.0,0.26,0.0,0.13,100.0,0.0,0.0,2.78,0.0,0.0,0.0,1.85,0.13,0.0,0.0,0.0,25.41,81.0,4.15,0.0,0.0,0.0,0.0,0.0,0.0,0.0,0.0
212,42.0,1.1,0.83,0.14,0.0,43.0,0.14,0.14,16.26,3.45,17.0,3.03,4.55,0.0,0.69,0.14,59.0,47.55,75.0,1.77,0.0,0.14,0.0,0.0,33.0,0.03,0.0,0.0
213,51.0,0.0,0.34,1.18,0.0,100.0,0.17,0.08,10.41,2.85,50.0,4.03,3.36,0.34,0.17,0.0,50.0,30.56,74.0,1.69,0.0,0.0,0.0,0.0,0.0,0.0,0.0,0.0
214,52.0,1.49,1.68,0.84,0.09,53.0,0.09,0.03,8.66,0.19,74.0,3.45,5.87,0.28,0.19,0.0,46.0,29.44,73.0,1.43,0.0,0.37,0.0,0.0,17.0,0.04,0.0,0.0
215,53.0,2.14,2.92,1.56,0.58,58.0,0.19,0.2,15.94,0.58,0.0,1.56,2.92,0.58,0.39,0.0,75.0,40.82,83.0,2.45,0.0,0.19,0.0,0.0,0.0,0.02,0.0,0.0
216,43.0,4.14,4.63,1.49,0.0,53.0,0.33,0.1,8.11,0.83,0.0,1.65,1.16,0.0,0.0,0.0,20.0,19.03,72.0,4.45,0.5,0.5,100.0,0.0,44.0,0.23,0.17,0.35
217,44.0,1.45,1.45,2.29,0.31,50.0,0.0,0.03,5.4,0.21,40.0,6.44,4.16,0.1,0.31,0.0,40.0,36.58,82.0,1.2,0.0,0.1,0.0,0.0,50.0,0.02,0.0,0.0
218,29.0,4.38,1.33,1.52,0.38,23.0,0.0,0.2,5.33,0.38,0.0,0.95,1.14,0.0,0.19,0.0,40.0,12.56,55.0,2.18,0.19,1.71,11.0,0.0,36.0,0.34,0.0,0.11
219,35.0,1.54,0.84,3.35,0.56,35.0,0.14,0.37,12.58,2.24,29.0,4.33,2.24,0.0,0.0,0.0,29.0,35.5,83.0,2.28,0.0,0.14,0.0,0.0,40.0,0.06,0.0,0.0
220,35.0,4.66,2.23,0.97,0.29,32.0,0.1,0.1,9.03,1.36,39.0,1.75,1.07,0.0,0.1,0.0,39.0,18.06,71.0,2.11,0.1,0.97,10.0,0.58,35.0,0.21,0.1,0.04
221,32.0,3.53,0.98,1.57,0.1,22.0,0.2,0.19,6.28,0.79,54.0,1.67,0.79,0.0,0.1,0.0,59.0,12.96,58.0,2.06,0.1,1.57,13.0,0.59,21.0,0.4,0.0,0.02
222,38.0,2.72,1.63,1.54,0.09,38.0,0.18,0.17,12.49,1.9,44.0,2.99,2.9,0.09,0.18,0.0,45.0,28.79,76.0,1.75,0.0,0.36,0.0,0.63,54.0,0.09,0.0,0.0
223,47.0,2.65,1.99,1.65,0.33,43.0,0.0,0.17,13.4,0.33,60.0,1.99,4.8,0.17,0.33,0.0,33.0,28.79,73.0,2.26,0.0,0.33,0.0,0.0,38.0,0.08,0.0,0.0
224,49.0,1.71,2.8,0.62,0.16,62.0,0.0,0.02,14.61,0.78,100.0,2.02,4.35,0.31,0.62,0.0,38.0,40.73,77.0,2.1,0.0,0.31,0.0,0.0,50.0,0.06,0.0,0.0
225,35.0,4.34,2.93,1.29,0.35,40.0,0.12,0.09,5.27,0.35,0.0,0.94,2.46,0.0,0.0,0.0,38.0,11.84,64.0,2.03,0.23,1.52,15.0,0.82,54.0,0.34,0.23,0.08
226,33.0,3.4,0.66,1.16,0.33,16.0,0.0,0.06,8.14,0.58,38.0,1.33,1.49,0.0,0.17,0.0,69.0,20.92,85.0,1.93,0.0,0.58,0.0,0.5,35.0,0.17,0.0,0.0
227,37.0,3.37,1.88,0.5,0.0,36.0,0.1,0.18,10.8,0.59,53.0,2.68,1.88,0.0,0.0,0.0,67.0,23.0,70.0,1.96,0.1,1.29,8.0,0.79,31.0,0.31,0.0,0.03
228,40.0,3.23,2.83,1.75,0.0,47.0,0.13,0.18,16.57,1.48,0.0,2.43,3.91,0.27,0.67,0.0,28.0,29.1,64.0,1.27,0.13,0.27,50.0,0.0,40.0,0.07,0.0,0.26
229,65.0,0.63,2.19,0.55,0.23,78.0,0.0,0.0,2.27,0.0,0.0,0.94,6.03,0.47,0.39,0.0,50.0,27.94,85.0,1.25,0.0,0.0,0.0,0.0,0.0,0.0,0.0,0.0
230,58.0,1.41,2.57,1.41,0.51,65.0,0.13,0.05,12.86,1.67,33.0,2.96,4.89,0.51,0.26,0.0,65.0,35.23,77.0,1.0,0.0,0.0,0.0,0.0,0.0,0.0,0.0,0.0
231,39.0,3.97,1.93,1.83,0.31,33.0,0.0,0.07,7.63,0.31,39.0,1.93,2.95,0.1,0.0,0.0,58.0,19.22,80.0,1.7,0.1,0.81,13.0,0.71,64.0,0.21,0.0,0.05
232,31.0,1.58,0.45,0.57,0.0,22.0,0.0,0.16,9.16,0.79,55.0,1.47,1.81,0.11,0.0,0.0,38.0,20.46,82.0,3.61,0.11,1.24,9.0,0.68,30.0,0.36,0.0,0.04
233,37.0,2.69,1.34,1.25,0.29,33.0,0.1,0.15,9.4,0.96,0.0,1.54,1.15,0.1,0.1,0.0,50.0,19.19,71.0,1.97,0.29,1.34,21.0,0.86,64.0,0.35,0.0,0.08
234,25.0,3.33,1.56,1.0,0.11,32.0,0.44,0.11,6.67,0.44,0.0,1.0,1.78,0.11,0.22,0.0,44.0,11.11,64.0,3.17,0.11,0.89,13.0,0.0,38.0,0.13,0.0,0.1
235,39.0,5.51,4.11,1.4,0.0,43.0,0.2,0.12,7.32,0.2,56.0,1.6,2.51,0.0,0.1,0.0,31.0,13.73,73.0,1.9,0.4,1.0,40.0,0.6,30.0,0.3,0.1,0.14
236,0.0,0.0,0.0,0.09,0.09,0.0,0.0,0.0,4.46,0.0,0.0,0.0,2.1,0.55,0.0,0.0,0.0,22.86,80.0,4.36,0.0,0.0,0.0,0.0,0.0,0.0,0.0,0.0
237,24.0,6.37,1.96,1.96,0.16,24.0,0.0,0.01,8.49,0.65,43.0,1.14,0.65,0.0,0.16,0.0,29.0,15.84,71.0,3.0,0.49,2.29,21.0,1.31,44.0,0.67,0.33,0.12
238,29.0,6.78,2.45,1.69,0.19,27.0,0.19,0.13,10.54,0.19,33.0,0.94,0.56,0.0,0.0,0.0,40.0,20.71,76.0,3.0,0.19,1.32,14.0,0.0,40.0,0.31,0.0,0.11
239,37.0,2.12,1.5,2.88,0.62,41.0,0.12,0.17,12.5,5.25,39.0,7.12,2.38,0.38,0.0,0.0,44.0,22.25,64.0,2.99,0.0,0.12,0.0,0.0,14.0,0.04,0.0,0.0
240,33.0,1.85,0.31,1.85,0.41,14.0,0.0,0.11,8.63,0.51,54.0,3.29,1.44,0.0,0.0,0.0,34.0,18.29,67.0,4.51,0.21,1.23,17.0,1.03,45.0,0.18,0.0,0.12
241,40.0,7.1,5.44,2.11,0.15,43.0,0.0,0.11,7.25,0.15,0.0,1.21,1.51,0.0,0.0,0.0,25.0,13.89,62.0,1.27,0.15,2.27,7.0,0.0,31.0,0.42,0.15,0.05
242,33.0,5.61,2.12,1.36,0.3,27.0,0.15,0.26,16.67,0.45,0.0,1.67,1.36,0.0,0.0,0.0,55.0,28.64,71.0,2.24,0.15,1.21,13.0,1.06,35.0,0.27,0.0,0.08
243,50.0,1.07,1.39,2.67,0.43,57.0,0.0,0.0,5.01,0.11,67.0,4.59,3.52,0.21,0.85,0.0,42.0,31.14,86.0,1.52,0.0,0.0,0.0,0.0,0.0,0.02,0.0,0.0
244,36.0,3.1,1.59,1.06,0.3,34.0,0.0,0.1,8.24,0.23,54.0,1.59,1.74,0.0,0.08,0.0,29.0,13.76,70.0,1.66,0.23,1.06,21.0,0.68,36.0,0.21,0.0,0.08
245,28.0,2.77,1.29,2.4,0.37,32.0,0.0,0.06,3.7,0.37,0.0,1.29,1.11,0.0,0.0,0.0,57.0,10.35,80.0,2.34,0.74,1.29,57.0,1.48,73.0,0.81,0.0,0.17
246,40.0,1.82,0.34,1.59,0.23,16.0,0.0,0.12,9.32,1.14,50.0,4.09,4.66,0.0,0.23,0.0,50.0,28.18,80.0,2.4,0.11,0.23,50.0,0.0,50.0,0.15,0.0,0.09
247,36.0,1.94,0.46,0.91,0.11,19.0,0.23,0.22,12.19,0.11,58.0,1.25,1.25,0.0,0.0,0.0,45.0,25.41,78.0,2.98,0.11,1.03,11.0,0.8,33.0,0.27,0.0,0.05
248,35.0,4.39,2.06,3.29,0.27,32.0,0.14,0.05,7.68,0.27,54.0,0.82,1.37,0.0,0.14,0.0,67.0,19.34,72.0,3.07,0.27,1.78,23.0,0.82,50.0,0.39,0.0,0.1
249,35.0,1.87,1.12,0.37,0.0,38.0,0.0,0.12,8.22,1.12,48.0,1.49,1.31,0.0,0.19,0.0,50.0,14.94,68.0,2.57,0.19,1.31,14.0,1.49,67.0,0.29,0.0,0.12
250,0.0,0.0,0.2,0.2,0.2,100.0,0.0,0.0,2.83,0.0,0.0,0.4,1.42,0.4,0.0,0.0,0.0,23.87,82.0,4.62,0.0,0.0,0.0,0.0,0.0,0.0,0.0,0.0
251,23.0,3.64,0.76,0.91,0.15,17.0,0.0,0.05,6.52,0.15,0.0,0.45,1.06,0.15,0.0,0.0,67.0,17.12,82.0,3.16,0.15,1.06,14.0,0.0,50.0,0.32,0.0,0.07
252,43.0,0.59,0.2,2.78,1.19,25.0,0.0,0.2,15.86,0.99,0.0,3.96,1.98,0.0,0.0,0.0,35.0,37.67,77.0,3.09,0.0,0.2,0.0,0.0,50.0,0.11,0.0,0.0
253,38.0,5.58,4.17,2.0,0.33,43.0,0.0,0.08,10.0,0.25,0.0,1.08,1.58,0.0,0.08,0.0,38.0,18.75,62.0,1.7,0.17,1.0,25.0,0.0,27.0,0.19,0.17,0.07
254,51.0,0.76,0.95,0.57,0.0,56.0,0.0,0.09,10.4,1.32,0.0,2.84,1.51,0.0,0.0,0.0,53.0,23.63,77.0,2.76,0.0,0.19,0.0,0.0,17.0,0.08,0.0,0.0
255,40.0,0.84,0.42,0.84,0.21,33.0,0.0,0.03,10.02,0.42,0.0,5.22,5.85,0.42,0.63,0.0,60.0,43.43,89.0,3.47,0.0,0.42,0.0,0.0,80.0,0.14,0.0,0.0
256,45.0,1.16,0.69,1.39,0.35,38.0,0.0,0.12,13.07,2.31,50.0,3.47,2.43,0.23,0.0,0.0,43.0,27.42,78.0,2.56,0.0,0.58,0.0,0.0,33.0,0.11,0.0,0.0
257,0.0,0.0,0.63,0.16,0.0,100.0,0.0,0.0,0.16,0.0,0.0,0.32,2.53,0.32,0.0,0.0,0.0,23.09,89.0,2.32,0.0,0.0,0.0,0.0,0.0,0.0,0.0,0.0
258,32.0,2.13,0.39,1.36,0.19,15.0,0.0,0.07,12.8,3.1,45.0,3.1,1.75,0.0,0.19,0.0,50.0,26.19,76.0,4.77,0.0,0.19,0.0,0.0,50.0,0.16,0.0,0.0
259,28.0,5.3,0.98,1.4,0.14,16.0,0.14,0.23,12.98,2.23,48.0,0.84,1.4,0.0,0.28,0.0,67.0,24.7,67.0,3.31,0.28,0.98,43.0,0.0,25.0,0.24,0.0,0.16
260,26.0,6.14,2.69,1.73,0.19,30.0,0.0,0.15,10.17,0.58,0.0,0.96,0.96,0.0,0.0,0.0,40.0,21.88,83.0,3.17,0.38,1.92,20.0,0.0,56.0,0.28,0.0,0.26
261,29.0,2.55,1.12,0.32,0.0,30.0,0.16,0.15,9.24,0.48,54.0,1.59,1.75,0.0,0.32,0.0,30.0,20.23,80.0,4.35,0.48,1.91,25.0,0.96,38.0,0.32,0.16,0.24
262,44.0,3.65,0.81,1.42,0.0,18.0,0.0,0.27,16.42,3.85,61.0,2.64,2.84,0.0,0.0,0.0,54.0,24.12,68.0,6.54,0.2,0.81,25.0,0.0,38.0,0.11,0.0,0.38
263,35.0,1.07,0.18,0.36,0.0,14.0,0.0,0.03,8.52,1.07,44.0,0.71,0.36,0.0,0.0,0.0,75.0,15.62,75.0,3.67,0.36,1.6,33.0,0.0,57.0,0.37,0.0,0.17
264,26.0,4.64,1.28,1.78,0.1,22.0,0.1,0.14,8.89,0.3,25.0,1.28,0.99,0.0,0.0,0.0,31.0,15.31,69.0,2.33,0.2,2.17,9.0,0.0,17.0,0.61,0.0,0.03
265,27.0,4.8,1.66,2.21,0.18,26.0,0.18,0.15,12.36,1.66,40.0,4.06,1.48,0.0,0.0,0.0,32.0,20.84,74.0,3.16,0.18,1.84,10.0,1.48,62.0,0.54,0.0,0.06
266,35.0,3.27,0.55,1.64,0.14,14.0,0.27,0.09,10.91,0.55,40.0,3.82,1.36,0.27,0.27,0.0,39.0,24.0,87.0,4.08,0.0,0.27,0.0,0.0,25.0,0.08,0.0,0.0
267,48.0,1.68,0.72,0.96,0.12,30.0,0.0,0.04,13.18,2.4,39.0,2.28,5.87,0.48,0.36,0.0,68.0,32.6,74.0,1.7,0.0,0.12,0.0,0.0,33.0,0.03,0.0,0.0
268,35.0,3.35,2.18,1.02,0.15,39.0,0.0,0.13,5.68,0.87,0.0,1.31,1.46,0.15,0.0,0.0,56.0,13.54,65.0,2.11,0.29,1.89,15.0,0.87,38.0,0.4,0.15,0.11
269,34.0,3.12,1.37,0.76,0.15,31.0,0.0,0.08,8.46,0.69,55.0,1.3,1.3,0.08,0.0,0.0,29.0,21.95,77.0,1.62,0.08,0.76,20.0,0.53,44.0,0.25,0.0,0.02
270,46.0,2.98,1.99,1.79,0.4,40.0,0.0,0.04,5.76,0.0,0.0,1.39,0.4,0.0,0.0,0.0,57.0,9.93,66.0,5.73,0.2,1.59,13.0,0.0,25.0,0.3,0.0,0.13
271,39.0,4.82,2.64,1.42,0.09,35.0,0.0,0.02,6.52,0.47,54.0,1.61,2.83,0.0,0.0,0.0,71.0,16.72,70.0,1.66,0.28,0.85,33.0,0.0,25.0,0.22,0.0,0.12
272,37.0,1.42,0.81,1.22,0.61,36.0,0.0,0.01,9.95,2.44,0.0,1.63,1.42,0.61,0.0,0.0,63.0,30.47,75.0,4.1,0.2,0.61,33.0,0.0,100.0,0.05,0.0,0.75
273,36.0,4.93,3.79,1.89,0.38,43.0,0.0,0.01,9.47,0.0,0.0,2.27,1.71,0.0,0.19,0.0,42.0,18.38,84.0,3.83,0.38,1.52,25.0,0.0,36.0,0.46,0.0,0.16
274,39.0,4.15,2.93,2.32,0.37,41.0,0.24,0.08,7.08,0.12,65.0,1.47,1.47,0.0,0.24,0.0,17.0,14.53,74.0,1.52,0.0,1.22,0.0,0.0,21.0,0.28,0.0,0.0
275,48.0,3.51,4.48,0.78,0.0,56.0,0.19,0.24,9.35,0.0,0.0,0.97,1.75,0.0,0.19,0.0,60.0,17.53,69.0,2.04,0.19,0.78,25.0,0.0,83.0,0.15,0.0,0.26
276,41.0,3.53,2.03,1.28,0.21,37.0,0.0,0.08,8.35,0.21,63.0,3.32,2.68,0.11,0.11,0.0,35.0,16.91,69.0,2.74,0.21,0.75,29.0,0.0,44.0,0.11,0.11,0.21
277,0.0,0.0,0.09,0.0,0.0,100.0,0.0,0.0,1.43,0.0,0.0,0.0,2.86,0.36,0.0,0.0,0.0,26.28,91.0,3.79,0.0,0.0,0.0,0.0,0.0,0.0,0.0,0.0
278,41.0,0.74,1.12,1.67,0.56,60.0,0.0,0.34,11.16,2.05,0.0,2.98,3.16,0.0,0.19,0.0,13.0,24.55,73.0,2.54,0.0,0.19,0.0,0.0,50.0,0.02,0.0,0.0
279,38.0,6.35,4.72,1.3,0.16,43.0,0.0,0.23,11.39,0.0,0.0,0.65,1.46,0.0,0.0,0.0,0.0,27.34,79.0,1.6,0.16,1.14,14.0,0.0,36.0,0.39,0.0,0.07
280,29.0,2.05,0.41,0.55,0.27,17.0,0.0,0.13,15.84,1.64,50.0,1.78,1.5,0.0,0.0,0.0,31.0,29.36,74.0,3.39,0.27,1.09,38.0,0.0,29.0,0.29,0.0,0.13
281,35.0,2.95,1.09,1.75,0.22,27.0,0.22,0.07,8.62,0.76,49.0,1.75,3.27,0.0,0.0,0.0,38.0,20.4,80.0,2.63,0.11,0.33,33.0,0.0,40.0,0.24,0.11,0.05
282,48.0,3.77,5.57,1.8,0.18,60.0,0.0,0.26,8.8,0.0,0.0,0.9,0.9,0.0,0.0,0.0,40.0,20.84,67.0,2.2,0.0,1.44,0.0,0.0,10.0,0.22,0.0,0.0
283,0.0,0.0,0.0,0.0,0.0,0.0,0.0,0.0,5.41,0.0,0.0,0.0,3.79,0.54,0.0,0.0,0.0,30.66,85.0,3.13,0.0,0.0,0.0,0.0,0.0,0.0,0.0,0.0
284,44.0,2.64,1.42,0.61,0.0,35.0,0.0,0.12,9.14,0.2,0.0,1.63,1.22,0.2,0.0,0.0,38.0,21.74,78.0,2.82,0.2,1.02,20.0,0.0,30.0,0.43,0.0,0.1
285,35.0,6.16,3.61,0.21,0.21,37.0,0.0,0.27,6.79,0.42,0.0,1.27,1.06,0.0,0.21,0.0,100.0,12.1,61.0,2.35,0.0,1.49,0.0,1.27,55.0,0.25,0.0,0.0
286,38.0,5.17,3.4,1.77,0.14,40.0,0.0,0.0,5.85,0.68,41.0,0.27,1.36,0.0,0.0,0.0,50.0,15.09,72.0,1.84,0.27,1.36,20.0,0.0,50.0,0.27,0.14,0.14
287,29.0,5.96,2.35,2.67,0.31,28.0,0.0,0.11,7.21,0.31,0.0,1.57,1.41,0.0,0.16,0.0,20.0,18.34,75.0,3.49,0.31,1.1,29.0,0.0,44.0,0.16,0.16,0.3
288,36.0,7.23,3.83,2.41,0.22,35.0,0.0,0.12,7.12,0.33,57.0,0.77,1.42,0.0,0.11,0.0,14.0,16.31,72.0,2.43,0.0,0.55,0.0,0.0,36.0,0.09,0.0,0.0
289,44.0,7.06,7.23,3.44,0.34,51.0,0.34,0.14,11.19,0.52,0.0,1.72,1.03,0.0,0.0,0.0,30.0,19.27,54.0,1.92,0.17,0.52,33.0,0.0,40.0,0.11,0.17,0.27
290,39.0,1.77,0.81,1.45,0.0,31.0,0.16,0.21,8.71,0.16,48.0,0.97,1.29,0.0,0.65,0.0,67.0,20.65,79.0,4.77,0.16,0.81,20.0,0.0,50.0,0.22,0.0,0.12
291,30.0,2.15,0.72,2.15,0.36,25.0,0.0,0.02,11.83,0.54,39.0,5.2,2.87,0.18,0.0,0.0,31.0,20.98,82.0,2.88,0.0,0.18,0.0,0.0,0.0,0.02,0.0,0.0
292,39.0,7.5,5.11,1.88,0.0,41.0,0.0,0.04,9.2,0.17,0.0,1.19,2.56,0.0,0.17,0.0,57.0,14.83,68.0,3.0,0.17,1.36,13.0,0.0,33.0,0.31,0.0,0.09
293,28.0,3.71,0.74,0.59,0.15,17.0,0.0,0.03,3.71,0.3,0.0,0.74,1.19,0.0,0.0,0.0,40.0,9.79,82.0,2.54,0.15,1.63,9.0,1.04,50.0,0.41,0.0,0.05
294,32.0,4.42,2.28,1.52,0.0,34.0,0.0,0.17,8.22,1.07,70.0,1.22,1.68,0.15,0.0,0.0,38.0,16.75,76.0,2.89,0.0,0.91,0.0,0.0,43.0,0.16,0.0,0.0
295,25.0,2.88,1.35,2.12,0.19,32.0,0.19,0.11,7.69,0.77,0.0,1.15,1.54,0.0,0.0,0.0,17.0,18.65,75.0,1.97,0.0,0.38,0.0,0.0,50.0,0.09,0.0,0.0
296,31.0,2.77,0.62,0.38,0.0,18.0,0.0,0.1,8.92,0.15,50.0,0.62,0.38,0.08,0.0,0.0,38.0,18.38,77.0,1.96,0.08,0.38,20.0,0.0,33.0,0.16,0.0,0.04
